Date,Time,Amount,Type,Description
10/16/2025,11:39:28,-152.15,Debit,GREAT LAKES POWER CCD
10/16/2025,20:51:53,-136.06,Debit,TRADER JOES #4521
10/18/2025,06:53:29,2850.00,Credit,ACME CORP PAYROLL PPD
10/18/2025,11:28:39,-42.18,Debit,CHIPOTLE #8834
10/20/2025,19:54:07,-587.10,Debit,FIRST NATIONAL CARD AUTOPAY WEB
10/21/2025,10:58:26,-57.00,Debit,SHELL #5742
10/21/2025,23:33:38,-11.99,Debit,SPOTIFY USA CCD
10/23/2025,04:23:23,-40.29,Debit,CITY WATER DEPT WEB
10/24/2025,14:45:34,-148.72,Debit,TRADER JOES #4521
10/24/2025,19:49:22,-142.50,Debit,PROGRESSIVE INS PPD
10/25/2025,21:20:08,-67.90,Debit,PANERA BREAD #2210
10/26/2025,00:37:48,-47.65,Debit,SHELL #5742
10/27/2025,07:59:50,-900.00,Debit,TRANSFER TO SAVINGS
10/30/2025,10:05:12,2850.00,Credit,ACME CORP PAYROLL PPD
10/30/2025,14:28:33,-146.00,Debit,TRADER JOES #4521
11/01/2025,19:33:05,-1489.00,Debit,EVERGREEN MORTGAGE SVC WEB
11/02/2025,16:25:53,-112.44,Debit,AMAZON.COM*7H2KD9Q1
11/03/2025,15:48:31,-916.66,Debit,FIRST NATIONAL CARD AUTOPAY WEB
11/03/2025,17:01:06,-50.69,Debit,SHELL #5742
11/04/2025,10:35:22,-24.99,Debit,PLANET FITNESS CCD
11/06/2025,17:25:18,-15.49,Debit,NETFLIX.COM CCD
11/07/2025,09:04:44,-144.92,Debit,TRADER JOES #4521
11/10/2025,06:14:13,-79.99,Debit,SPECTRUM INTERNET WEB
11/10/2025,09:38:00,-85.00,Debit,TMOBILE AUTO PAY WEB
11/11/2025,12:08:56,-45.40,Debit,SHELL #5742
11/12/2025,03:17:21,-163.16,Debit,COSTCO WHOLESALE #1102
11/13/2025,16:54:01,-112.99,Debit,TRADER JOES #4521
11/14/2025,05:35:01,-5.75,Debit,STARBUCKS #77120
11/15/2025,20:34:29,2850.00,Credit,ACME CORP PAYROLL PPD
11/16/2025,12:38:41,-40.34,Debit,SHELL #5742
11/16/2025,14:12:32,-153.98,Debit,GREAT LAKES POWER CCD
11/18/2025,17:55:57,-507.66,Debit,FIRST NATIONAL CARD AUTOPAY WEB
11/20/2025,06:17:45,-143.88,Debit,TRADER JOES #4521
11/23/2025,00:25:08,-54.93,Debit,SHELL #5742
11/23/2025,21:39:50,-58.48,Debit,CITY WATER DEPT WEB
11/25/2025,02:23:51,-11.99,Debit,SPOTIFY USA CCD
11/27/2025,03:29:59,2850.00,Credit,ACME CORP PAYROLL PPD
11/28/2025,01:03:23,-142.50,Debit,PROGRESSIVE INS PPD
11/28/2025,13:10:23,-900.00,Debit,TRANSFER TO SAVINGS
11/28/2025,21:34:03,-113.49,Debit,TRADER JOES #4521
11/29/2025,00:06:30,-214.07,Debit,BEST BUY #42
12/01/2025,20:08:51,-1489.00,Debit,EVERGREEN MORTGAGE SVC WEB
12/02/2025,15:18:12,-40.61,Debit,SHELL #5742
12/03/2025,16:06:07,-116.07,Debit,TRADER JOES #4521
12/05/2025,07:55:53,-24.99,Debit,PLANET FITNESS CCD
12/05/2025,11:43:40,-951.73,Debit,FIRST NATIONAL CARD AUTOPAY WEB
12/06/2025,10:32:29,-88.30,Debit,MEIJER #88
12/08/2025,00:29:33,-15.49,Debit,NETFLIX.COM CCD
12/08/2025,18:48:41,-57.69,Debit,SHELL #5742
12/10/2025,03:32:01,-79.99,Debit,SPECTRUM INTERNET WEB
12/12/2025,16:21:59,-85.00,Debit,TMOBILE AUTO PAY WEB
12/12/2025,23:32:55,-163.94,Debit,TRADER JOES #4521
12/13/2025,00:38:21,-6.25,Debit,STARBUCKS #77120
12/13/2025,21:16:16,2850.00,Credit,ACME CORP PAYROLL PPD
12/15/2025,01:35:06,-54.95,Debit,SHELL #5742
12/16/2025,16:07:00,-133.40,Debit,GREAT LAKES POWER CCD
12/19/2025,00:15:05,-137.60,Debit,TRADER JOES #4521
12/20/2025,05:51:56,-156.99,Debit,AMAZON.COM*3M9XD2P4
12/20/2025,14:04:14,-490.10,Debit,FIRST NATIONAL CARD AUTOPAY WEB
12/21/2025,05:02:44,-48.26,Debit,CITY WATER DEPT WEB
12/22/2025,15:49:50,-48.32,Debit,SHELL #5742
12/23/2025,08:36:46,-11.99,Debit,SPOTIFY USA CCD
12/24/2025,06:09:46,-167.36,Debit,TRADER JOES #4521
12/24/2025,19:06:44,-142.50,Debit,PROGRESSIVE INS PPD
12/26/2025,09:59:34,2850.00,Credit,ACME CORP PAYROLL PPD
12/29/2025,13:28:39,-54.86,Debit,SHELL #5742
12/29/2025,19:58:42,-900.00,Debit,TRANSFER TO SAVINGS
12/31/2025,20:09:45,-117.01,Debit,TRADER JOES #4521
01/02/2026,12:15:23,-1489.00,Debit,EVERGREEN MORTGAGE SVC WEB
01/04/2026,20:29:49,-1030.30,Debit,FIRST NATIONAL CARD AUTOPAY WEB
01/05/2026,22:41:22,-24.99,Debit,PLANET FITNESS CCD
01/06/2026,06:28:00,-40.15,Debit,SHELL #5742
01/07/2026,18:34:14,-15.49,Debit,NETFLIX.COM CCD
01/08/2026,11:43:18,-79.99,Debit,SPECTRUM INTERNET WEB
01/09/2026,08:08:47,-149.50,Debit,TRADER JOES #4521
01/09/2026,12:30:53,2850.00,Credit,ACME CORP PAYROLL PPD
01/09/2026,21:12:13,-74.52,Debit,CVS PHARMACY #8821
01/11/2026,18:06:42,-53.98,Debit,SHELL #5742
01/14/2026,04:52:47,-85.00,Debit,TMOBILE AUTO PAY WEB
01/16/2026,09:42:08,-138.64,Debit,GREAT LAKES POWER CCD
01/16/2026,12:34:01,-160.09,Debit,TRADER JOES #4521
01/17/2026,05:35:20,-38.40,Debit,DOMINOS #114
01/18/2026,08:22:27,-516.04,Debit,FIRST NATIONAL CARD AUTOPAY WEB
01/18/2026,12:01:47,-47.61,Debit,SHELL #5742
01/22/2026,17:21:21,-114.88,Debit,TRADER JOES #4521
01/22/2026,23:36:32,-41.72,Debit,CITY WATER DEPT WEB
01/23/2026,01:41:21,-11.99,Debit,SPOTIFY USA CCD
01/24/2026,01:55:33,2850.00,Credit,ACME CORP PAYROLL PPD
01/25/2026,03:39:43,-142.50,Debit,PROGRESSIVE INS PPD
01/27/2026,11:06:39,-42.30,Debit,SHELL #5742
01/28/2026,10:34:20,-151.36,Debit,TRADER JOES #4521
01/28/2026,18:19:51,-900.00,Debit,TRANSFER TO SAVINGS
01/30/2026,08:14:02,-5.95,Debit,STARBUCKS #77120
02/01/2026,02:49:24,-1489.00,Debit,EVERGREEN MORTGAGE SVC WEB
02/01/2026,08:34:45,-45.72,Debit,SHELL #5742
02/03/2026,23:40:12,-24.99,Debit,PLANET FITNESS CCD
02/04/2026,17:01:42,-972.10,Debit,FIRST NATIONAL CARD AUTOPAY WEB
02/06/2026,08:30:06,-165.87,Debit,TRADER JOES #4521
02/06/2026,08:37:29,-15.49,Debit,NETFLIX.COM CCD
02/06/2026,12:12:28,2850.00,Credit,ACME CORP PAYROLL PPD
02/08/2026,04:01:54,-96.12,Debit,TARGET #T0932
02/09/2026,12:53:06,-51.19,Debit,SHELL #5742
02/09/2026,14:35:10,-79.99,Debit,SPECTRUM INTERNET WEB
02/10/2026,20:15:33,-145.21,Debit,COSTCO WHOLESALE #1102
02/10/2026,21:17:31,-85.00,Debit,TMOBILE AUTO PAY WEB
02/11/2026,22:31:15,-133.49,Debit,TRADER JOES #4521
02/13/2026,14:39:31,-129.79,Debit,GREAT LAKES POWER CCD
02/15/2026,15:13:46,-41.47,Debit,SHELL #5742
02/18/2026,19:38:43,-486.30,Debit,FIRST NATIONAL CARD AUTOPAY WEB
02/19/2026,14:36:49,-149.48,Debit,TRADER JOES #4521
02/20/2026,06:36:33,2850.00,Credit,ACME CORP PAYROLL PPD
02/21/2026,03:11:11,-143.66,Debit,HOME DEPOT #4410
02/22/2026,04:55:18,-52.90,Debit,SHELL #5742
02/22/2026,09:16:14,-52.61,Debit,CITY WATER DEPT WEB
02/25/2026,01:41:23,-169.63,Debit,TRADER JOES #4521
02/25/2026,13:52:06,-11.99,Debit,SPOTIFY USA CCD
02/26/2026,17:23:25,-142.50,Debit,PROGRESSIVE INS PPD
02/28/2026,16:34:33,-900.00,Debit,TRANSFER TO SAVINGS
03/02/2026,09:19:14,-1489.00,Debit,EVERGREEN MORTGAGE SVC WEB
03/02/2026,20:23:16,-54.41,Debit,SHELL #5742
03/03/2026,19:59:33,-1008.89,Debit,FIRST NATIONAL CARD AUTOPAY WEB
03/03/2026,23:54:25,-24.99,Debit,PLANET FITNESS CCD
03/05/2026,13:58:08,-289.00,Debit,DELTA AIR 0068192
03/06/2026,00:06:21,-160.72,Debit,TRADER JOES #4521
03/06/2026,13:24:37,-15.49,Debit,NETFLIX.COM CCD
03/06/2026,20:47:21,2850.00,Credit,ACME CORP PAYROLL PPD
03/08/2026,12:58:39,-47.34,Debit,SHELL #5742
03/09/2026,19:06:31,-79.99,Debit,SPECTRUM INTERNET WEB
03/10/2026,07:25:54,-85.00,Debit,TMOBILE AUTO PAY WEB
03/12/2026,14:45:47,-124.04,Debit,GREAT LAKES POWER CCD
03/12/2026,22:17:31,-139.00,Debit,AMAZON PRIME*PM3XK9
03/13/2026,19:40:02,-120.04,Debit,TRADER JOES #4521
03/16/2026,22:05:30,-44.59,Debit,SHELL #5742
03/19/2026,00:14:00,-44.49,Debit,CITY WATER DEPT WEB
03/19/2026,01:43:17,-121.41,Debit,TRADER JOES #4521
03/19/2026,18:18:18,-412.55,Debit,AIRBNB *HM84K2
03/20/2026,08:13:08,-575.39,Debit,FIRST NATIONAL CARD AUTOPAY WEB
03/21/2026,14:23:21,2850.00,Credit,ACME CORP PAYROLL PPD
03/22/2026,15:28:55,-41.14,Debit,SHELL #5742
03/24/2026,15:28:55,-11.99,Debit,SPOTIFY USA CCD
03/27/2026,06:51:50,-126.04,Debit,TRADER JOES #4521
03/27/2026,14:48:53,-142.50,Debit,PROGRESSIVE INS PPD
03/29/2026,08:12:08,-900.00,Debit,TRANSFER TO SAVINGS
03/30/2026,11:13:56,-42.36,Debit,SHELL #5742
04/01/2026,06:14:20,-1489.00,Debit,EVERGREEN MORTGAGE SVC WEB
04/02/2026,15:26:52,2850.00,Credit,ACME CORP PAYROLL PPD
04/02/2026,18:29:50,-2400.00,Debit,IRS TREASURY 310 TAX PAYMENT
04/03/2026,01:16:10,-24.99,Debit,PLANET FITNESS CCD
04/03/2026,08:58:09,-942.88,Debit,FIRST NATIONAL CARD AUTOPAY WEB
04/03/2026,23:50:10,-159.31,Debit,TRADER JOES #4521
04/07/2026,14:59:32,-50.95,Debit,SHELL #5742
04/08/2026,16:25:48,-15.49,Debit,NETFLIX.COM CCD
04/10/2026,01:25:09,-79.99,Debit,SPECTRUM INTERNET WEB
04/10/2026,23:28:30,-176.14,Debit,TRADER JOES #4521
04/11/2026,09:10:23,-6.10,Debit,STARBUCKS #77120
04/13/2026,15:00:38,-43.91,Debit,SHELL #5742
04/14/2026,10:07:52,-85.00,Debit,TMOBILE AUTO PAY WEB
04/15/2026,01:06:30,-112.15,Debit,GREAT LAKES POWER CCD
04/15/2026,16:18:22,-137.41,Debit,TRADER JOES #4521
04/16/2026,23:13:57,2850.00,Credit,ACME CORP PAYROLL PPD
04/18/2026,09:37:07,-178.23,Debit,AMAZON.COM*9Q1ZZ7T2
04/19/2026,09:42:28,-48.66,Debit,SHELL #5742
04/19/2026,17:54:05,-49.67,Debit,CITY WATER DEPT WEB
04/20/2026,01:56:55,-642.20,Debit,FIRST NATIONAL CARD AUTOPAY WEB
04/23/2026,02:49:41,-136.73,Debit,TRADER JOES #4521
04/24/2026,02:14:13,-11.99,Debit,SPOTIFY USA CCD
04/25/2026,00:38:20,-45.00,Debit,CITY MEDICAL CTR
04/27/2026,15:53:04,-51.72,Debit,SHELL #5742
04/28/2026,19:59:06,-142.50,Debit,PROGRESSIVE INS PPD
04/29/2026,20:42:43,-900.00,Debit,TRANSFER TO SAVINGS
04/30/2026,05:54:55,-149.15,Debit,TRADER JOES #4521
05/01/2026,17:37:42,2850.00,Credit,ACME CORP PAYROLL PPD
05/01/2026,21:34:35,-1489.00,Debit,EVERGREEN MORTGAGE SVC WEB
05/03/2026,07:32:41,-41.24,Debit,SHELL #5742
05/05/2026,04:04:23,-24.99,Debit,PLANET FITNESS CCD
05/05/2026,10:43:06,-911.20,Debit,FIRST NATIONAL CARD AUTOPAY WEB
05/07/2026,10:03:32,-15.49,Debit,NETFLIX.COM CCD
05/07/2026,14:05:27,-52.77,Debit,CHIPOTLE #8834
05/08/2026,22:40:16,-177.38,Debit,TRADER JOES #4521
05/09/2026,04:28:49,-161.72,Debit,COSTCO WHOLESALE #1102
05/09/2026,13:56:49,-79.99,Debit,SPECTRUM INTERNET WEB
05/12/2026,03:59:56,-56.90,Debit,SHELL #5742
05/12/2026,07:33:58,-85.00,Debit,TMOBILE AUTO PAY WEB
05/13/2026,18:45:02,-134.91,Debit,TRADER JOES #4521
05/15/2026,13:34:24,2850.00,Credit,ACME CORP PAYROLL PPD
05/15/2026,19:49:35,-162.02,Debit,GREAT LAKES POWER CCD
05/16/2026,22:22:31,-18.40,Debit,UBER *TRIP HELP
05/19/2026,02:09:32,-57.83,Debit,SHELL #5742
05/20/2026,00:17:43,-616.47,Debit,FIRST NATIONAL CARD AUTOPAY WEB
05/20/2026,05:43:40,-120.31,Debit,TRADER JOES #4521
05/20/2026,20:48:13,-56.47,Debit,CITY WATER DEPT WEB
05/24/2026,04:19:01,-42.88,Debit,SHELL #5742
05/24/2026,10:03:13,-11.99,Debit,SPOTIFY USA CCD
05/26/2026,06:54:29,-142.50,Debit,PROGRESSIVE INS PPD
05/27/2026,03:18:15,-156.47,Debit,TRADER JOES #4521
05/28/2026,23:12:32,-900.00,Debit,TRANSFER TO SAVINGS
05/30/2026,00:56:29,-134.89,Debit,TARGET #T0932
05/30/2026,03:50:52,2850.00,Credit,ACME CORP PAYROLL PPD
06/01/2026,15:25:44,-1489.00,Debit,EVERGREEN MORTGAGE SVC WEB
06/02/2026,23:22:48,-39.51,Debit,SHELL #5742
06/05/2026,07:47:41,-999.11,Debit,FIRST NATIONAL CARD AUTOPAY WEB
06/05/2026,14:32:04,-174.27,Debit,TRADER JOES #4521
06/05/2026,18:51:04,-24.99,Debit,PLANET FITNESS CCD
06/06/2026,13:13:45,-15.49,Debit,NETFLIX.COM CCD
06/08/2026,05:50:21,-52.41,Debit,SHELL #5742
06/09/2026,06:37:51,-79.99,Debit,SPECTRUM INTERNET WEB
06/10/2026,19:09:56,-85.00,Debit,TMOBILE AUTO PAY WEB
06/11/2026,16:19:23,-178.60,Debit,TRADER JOES #4521
06/12/2026,03:06:26,2850.00,Credit,ACME CORP PAYROLL PPD
06/12/2026,20:18:12,-126.94,Debit,GREAT LAKES POWER CCD
06/13/2026,06:01:47,-71.20,Debit,PANERA BREAD #2210
06/16/2026,01:48:31,-53.36,Debit,SHELL #5742
06/19/2026,01:18:22,-539.28,Debit,FIRST NATIONAL CARD AUTOPAY WEB
06/19/2026,02:46:02,-114.57,Debit,TRADER JOES #4521
06/19/2026,08:29:18,-47.07,Debit,CITY WATER DEPT WEB
06/22/2026,19:27:53,-43.52,Debit,SHELL #5742
06/25/2026,00:07:02,-11.99,Debit,SPOTIFY USA CCD
06/25/2026,04:37:40,-114.79,Debit,TRADER JOES #4521
06/27/2026,00:24:27,2850.00,Credit,ACME CORP PAYROLL PPD
06/27/2026,04:12:20,-142.50,Debit,PROGRESSIVE INS PPD
06/27/2026,11:31:14,-199.99,Debit,AMAZON.COM*2W8NP5R6
06/28/2026,08:32:24,-900.00,Debit,TRANSFER TO SAVINGS
06/29/2026,05:13:56,-57.19,Debit,SHELL #5742
07/01/2026,04:02:46,-1489.00,Debit,EVERGREEN MORTGAGE SVC WEB
07/03/2026,05:30:20,-123.89,Debit,TRADER JOES #4521
07/03/2026,08:34:40,-24.99,Debit,PLANET FITNESS CCD
07/03/2026,09:04:24,-1109.83,Debit,FIRST NATIONAL CARD AUTOPAY WEB
07/04/2026,14:56:27,-86.45,Debit,MEIJER #88
07/06/2026,09:56:02,-15.49,Debit,NETFLIX.COM CCD
07/07/2026,02:44:14,-47.89,Debit,SHELL #5742
07/08/2026,18:32:23,-156.15,Debit,TRADER JOES #4521
07/10/2026,04:55:16,-79.99,Debit,SPECTRUM INTERNET WEB
07/11/2026,20:23:37,-85.00,Debit,TMOBILE AUTO PAY WEB
07/11/2026,21:32:54,2850.00,Credit,ACME CORP PAYROLL PPD
07/14/2026,19:10:44,-132.64,Debit,GREAT LAKES POWER CCD
07/14/2026,23:13:32,-50.59,Debit,SHELL #5742
07/16/2026,02:06:35,-167.01,Debit,TRADER JOES #4521
07/18/2026,15:14:04,-45.00,Debit,CITY MEDICAL CTR
07/19/2026,06:44:46,-600.50,Debit,FIRST NATIONAL CARD AUTOPAY WEB
07/20/2026,02:54:24,-48.59,Debit,SHELL #5742
07/22/2026,08:06:41,-11.99,Debit,SPOTIFY USA CCD
07/23/2026,00:32:22,2850.00,Credit,ACME CORP PAYROLL PPD
07/23/2026,10:07:32,-48.08,Debit,CITY WATER DEPT WEB
07/24/2026,05:52:08,-141.08,Debit,TRADER JOES #4521
07/24/2026,22:59:24,-142.50,Debit,PROGRESSIVE INS PPD
07/25/2026,20:16:30,-6.35,Debit,STARBUCKS #77120
07/27/2026,10:54:44,-900.00,Debit,TRANSFER TO SAVINGS
07/27/2026,12:43:05,-39.16,Debit,SHELL #5742
07/30/2026,01:24:52,-124.89,Debit,TRADER JOES #4521
08/01/2026,01:35:05,-165.40,Debit,HOME DEPOT #4410
08/01/2026,18:31:11,-1489.00,Debit,EVERGREEN MORTGAGE SVC WEB
08/02/2026,04:02:52,-41.39,Debit,SHELL #5742
08/05/2026,17:02:08,-24.99,Debit,PLANET FITNESS CCD
08/05/2026,19:47:59,-925.58,Debit,FIRST NATIONAL CARD AUTOPAY WEB
08/07/2026,07:48:48,-160.14,Debit,TRADER JOES #4521
08/07/2026,23:29:00,-129.71,Debit,COSTCO WHOLESALE #1102
08/08/2026,03:21:33,-15.49,Debit,NETFLIX.COM CCD
08/08/2026,17:36:23,2850.00,Credit,ACME CORP PAYROLL PPD
08/09/2026,01:50:36,-79.99,Debit,SPECTRUM INTERNET WEB
08/10/2026,21:34:42,-44.53,Debit,SHELL #5742
08/12/2026,15:45:52,-85.00,Debit,TMOBILE AUTO PAY WEB
08/13/2026,12:36:05,-114.85,Debit,TRADER JOES #4521
08/13/2026,17:24:33,-111.70,Debit,GREAT LAKES POWER CCD
08/15/2026,08:30:51,-58.19,Debit,DOMINOS #114
08/17/2026,22:53:21,-45.20,Debit,SHELL #5742
08/18/2026,02:00:09,-658.96,Debit,FIRST NATIONAL CARD AUTOPAY WEB
08/20/2026,04:13:19,-59.03,Debit,CITY WATER DEPT WEB
08/20/2026,09:46:43,2850.00,Credit,ACME CORP PAYROLL PPD
08/21/2026,00:03:25,-107.65,Debit,TRADER JOES #4521
08/22/2026,03:41:14,-121.77,Debit,AMAZON.COM*5K3DM8W1
08/23/2026,09:14:37,-11.99,Debit,SPOTIFY USA CCD
08/24/2026,04:53:39,-45.33,Debit,SHELL #5742
08/26/2026,08:01:16,-179.56,Debit,TRADER JOES #4521
08/27/2026,12:46:30,-900.00,Debit,TRANSFER TO SAVINGS
08/28/2026,05:51:24,-142.50,Debit,PROGRESSIVE INS PPD
08/29/2026,06:14:30,-152.00,Debit,STATE OF MICHIGAN SOS VEH REG
09/01/2026,22:18:37,-40.26,Debit,SHELL #5742
09/02/2026,10:43:32,-1489.00,Debit,EVERGREEN MORTGAGE SVC WEB
09/03/2026,09:26:47,-1028.61,Debit,FIRST NATIONAL CARD AUTOPAY WEB
09/03/2026,10:34:49,2850.00,Credit,ACME CORP PAYROLL PPD
09/03/2026,13:05:09,-24.99,Debit,PLANET FITNESS CCD
09/04/2026,10:59:38,-126.66,Debit,TRADER JOES #4521
09/06/2026,18:13:33,-22.75,Debit,UBER *TRIP HELP
09/07/2026,01:15:39,-53.39,Debit,SHELL #5742
09/07/2026,21:00:35,-15.49,Debit,NETFLIX.COM CCD
09/09/2026,19:38:42,-79.99,Debit,SPECTRUM INTERNET WEB
09/10/2026,15:23:48,-122.81,Debit,TRADER JOES #4521
09/11/2026,18:42:10,-112.47,Debit,TRADER JOES #4521
09/12/2026,09:15:44,-112.47,Debit,TRADER JOES #4521
09/12/2026,20:52:22,-85.00,Debit,TMOBILE AUTO PAY WEB
09/13/2026,02:23:45,-45.09,Debit,SHELL #5742
09/15/2026,10:43:32,-114.56,Debit,GREAT LAKES POWER CCD
09/17/2026,00:24:51,2850.00,Credit,ACME CORP PAYROLL PPD
09/18/2026,17:51:21,-163.27,Debit,TRADER JOES #4521
09/20/2026,00:44:10,-516.41,Debit,FIRST NATIONAL CARD AUTOPAY WEB
09/20/2026,03:34:38,-94.60,Debit,CHIPOTLE #8834
09/22/2026,04:29:59,-41.64,Debit,SHELL #5742
09/23/2026,04:55:46,-48.70,Debit,CITY WATER DEPT WEB
09/23/2026,21:10:38,-140.89,Debit,TRADER JOES #4521
09/25/2026,15:11:36,-11.99,Debit,SPOTIFY USA CCD
09/26/2026,17:00:48,-187.34,Debit,AMAZON.COM*8T4BN2K7
09/26/2026,23:54:18,-142.50,Debit,PROGRESSIVE INS PPD
09/27/2026,05:53:46,-900.00,Debit,TRANSFER TO SAVINGS
09/27/2026,14:22:25,-55.96,Debit,SHELL #5742
10/01/2026,20:05:44,-151.43,Debit,TRADER JOES #4521
10/02/2026,01:09:41,-1489.00,Debit,EVERGREEN MORTGAGE SVC WEB
10/02/2026,07:58:14,-63.28,Debit,CVS PHARMACY #8821
10/02/2026,16:43:06,2850.00,Credit,ACME CORP PAYROLL PPD
10/04/2026,10:44:40,-1022.34,Debit,FIRST NATIONAL CARD AUTOPAY WEB
10/04/2026,15:11:53,-24.99,Debit,PLANET FITNESS CCD
10/04/2026,15:26:51,-45.84,Debit,SHELL #5742
